{
  "files": "Files.png",
  "config": "config.png",
  "ble": "bluetooth.png",
  "wifi": "wifi.png",
  "gps": "gps.png",
  "others": "others.png",
  "clock": "clock.png",
  "ethernet": "ethernet.png",
  "rf": "rf2.png",
  "rfid": "rfid.png",
  "ir": "ir.png",
  "fm": "fm.png",
  "nrf": "nrf.png",
  "interpreter": "interpreter.png",
  "connect": "connect.png",
  "border": 1,
  "label": 0,
  "name": "UAgain Shadow Christmas Themes",
  "author": "UAgain Shadow",
  "url": "https://github.com/uagainshadow",
  "priColor": "3560",
  "secColor": "e041",
  "bgColor": "0000",
  "ledBright": "100",
  "ledColor": "00ad14",
  "ledEffect": "0",
  "ledEffectSpeed": "5",
  "ledEffectDirection": 1
}